{
  "ZZFeatureMap \u2013 full entanglement": {
    "accuracy": 0.7272727272727273,
    "balanced_accuracy": 0.7558327558327558,
    "roc_auc": 0.8075190575190576
  },
  "ZZFeatureMap \u2013 linear entanglement": {
    "accuracy": 0.7922077922077922,
    "balanced_accuracy": 0.7708477708477708,
    "roc_auc": 0.8544121044121044
  },
  "ZFeatureMap \u2013 NO entanglement (product kernel)": {
    "accuracy": 0.8181818181818182,
    "balanced_accuracy": 0.7833217833217834,
    "roc_auc": 0.8486370986370987
  }
}