{
  "noise_levels": [
    0.0,
    0.001,
    0.003,
    0.005,
    0.01,
    0.02
  ],
  "balanced_accuracy": [
    0.55,
    0.5,
    0.7,
    0.475,
    0.475,
    0.475
  ],
  "kernel_off_diag_variance": [
    0.00138,
    0.00019,
    6e-05,
    5e-05,
    5e-05,
    4e-05
  ]
}